{
  "mse_per_axis": [
    2.636107364728589e-07,
    2.0694012050312048e-07,
    8.5209594695046e-11
  ],
  "mae_per_axis": [
    0.00042580521222883083,
    0.00038879265516962504,
    3.874196238801295e-06
  ],
  "mse": 1.5687868885689145e-07,
  "mae": 0.00027282402121241904
}