{
  "mse_per_axis": [
    3.1480200226874476e-07,
    2.594645625615357e-07,
    4.2003657234661554e-08
  ],
  "mae_per_axis": [
    0.0004907377713773688,
    0.00044145440685659516,
    0.0001774135672392133
  ],
  "mse": 2.0542340735498068e-07,
  "mae": 0.0003698685818243924
}