{
  "mse_per_axis": [
    4.331020767845622e-08,
    1.030992184993578e-07,
    3.000244119927595e-07
  ],
  "mae_per_axis": [
    0.0001638231939222565,
    0.00027134223252734546,
    0.0004850482268684305
  ],
  "mse": 1.4881127939019115e-07,
  "mae": 0.00030673788443934415
}