{
  "source": "C:\\Users\\kritr\\Downloads\\INTERNSHIP\\Mixar\\8samples\\branch.obj",
  "normalizer": {
    "method": "minmax",
    "v_min": [
      -0.851562,
      0.0,
      -0.464844
    ],
    "v_max": [
      0.849609,
      1.900391,
      0.462891
    ]
  },
  "quantizer": {
    "n_bins": 1024
  },
  "errors": {
    "mse_per_axis": [
      8.983184729166263e-07,
      1.173721059976608e-06,
      2.725392345895e-07
    ],
    "mae_per_axis": [
      0.000818670534695198,
      0.0009330417294175057,
      0.00045028796551734506
    ],
    "mse": 7.81526255827578e-07,
    "mae": 0.0007340000765433496
  }
}