{
  "source": "C:\\Users\\kritr\\Downloads\\INTERNSHIP\\Mixar\\8samples\\explosive.obj",
  "normalizer": {
    "method": "minmax",
    "v_min": [
      -0.199625,
      -0.0,
      -0.197126
    ],
    "v_max": [
      0.199625,
      1.0,
      0.197126
    ]
  },
  "quantizer": {
    "n_bins": 1024
  },
  "errors": {
    "mse_per_axis": [
      5.2543402568433e-08,
      2.720551375193651e-07,
      4.797175638121446e-08
    ],
    "mae_per_axis": [
      0.00019609583070393622,
      0.00043841222556311046,
      0.0001911701697800098
    ],
    "mse": 1.2419009882300417e-07,
    "mae": 0.0002752260753490188
  }
}