{
  "source": "C:\\Users\\kritr\\Downloads\\INTERNSHIP\\Mixar\\8samples\\fence.obj",
  "normalizer": {
    "method": "minmax",
    "v_min": [
      -0.5,
      0.0,
      -0.0225
    ],
    "v_max": [
      0.5,
      0.84317,
      0.0225
    ]
  },
  "quantizer": {
    "n_bins": 1024
  },
  "errors": {
    "mse_per_axis": [
      2.636107364728589e-07,
      2.0694012050312048e-07,
      8.5209594695046e-11
    ],
    "mae_per_axis": [
      0.00042580521222883083,
      0.00038879265516962504,
      3.874196238801295e-06
    ],
    "mse": 1.5687868885689145e-07,
    "mae": 0.00027282402121241904
  }
}