{
  "source": "C:\\Users\\kritr\\Downloads\\INTERNSHIP\\Mixar\\8samples\\person.obj",
  "normalizer": {
    "method": "minmax",
    "v_min": [
      -0.84375,
      -0.0,
      -0.212891
    ],
    "v_max": [
      0.841797,
      1.900391,
      0.210938
    ]
  },
  "quantizer": {
    "n_bins": 1024
  },
  "errors": {
    "mse_per_axis": [
      9.083780687073368e-07,
      1.3971271366607855e-06,
      6.155291767394302e-08
    ],
    "mae_per_axis": [
      0.0008200550924989865,
      0.001040174264297238,
      0.00021490456525035832
    ],
    "mse": 7.890193743473553e-07,
    "mae": 0.000691711307348861
  }
}