{
  "source": "C:\\Users\\kritr\\Downloads\\INTERNSHIP\\Mixar\\8samples\\table.obj",
  "normalizer": {
    "method": "minmax",
    "v_min": [
      -0.208906,
      0.0,
      -0.5
    ],
    "v_max": [
      0.208906,
      0.611761,
      0.5
    ]
  },
  "quantizer": {
    "n_bins": 1024
  },
  "errors": {
    "mse_per_axis": [
      4.331020767845622e-08,
      1.030992184993578e-07,
      3.000244119927595e-07
    ],
    "mae_per_axis": [
      0.0001638231939222565,
      0.00027134223252734546,
      0.0004850482268684305
    ],
    "mse": 1.4881127939019115e-07,
    "mae": 0.00030673788443934415
  }
}