{
  "mse": 7.815262558275772e-07,
  "mse_unitsphere": 2.339403117634809e-06
}