{
  "mse_per_axis": [
    9.91418029584073e-07,
    1.0661923121916274e-06,
    7.793217883066713e-07
  ],
  "mae_per_axis": [
    0.0007976554029780286,
    0.0008140742484069868,
    0.0007324412500430188
  ],
  "mse": 9.456440433607907e-07,
  "mae": 0.0007813903004760114
}