{
  "mse_per_axis": [
    0.00011304573432961284,
    9.819872475525606e-05,
    9.965748631624678e-05
  ],
  "mae_per_axis": [
    0.008581691759356205,
    0.00788532105189182,
    0.00821107380839354
  ],
  "mse": 0.0001036339818003719,
  "mae": 0.008226028873213853
}