{
  "source": "C:\\Users\\kritr\\Downloads\\INTERNSHIP\\Mixar\\8samples\\talwar.obj",
  "normalizer": {
    "method": "minmax",
    "v_min": [
      -0.031922,
      0.0,
      -0.117146
    ],
    "v_max": [
      0.031922,
      1.0,
      0.117146
    ]
  },
  "quantizer": {
    "n_bins": 1024
  },
  "errors": {
    "mse_per_axis": [
      1.3872481530843534e-09,
      3.7258767946683064e-07,
      1.8060393452584365e-08
    ],
    "mae_per_axis": [
      3.1514504295319584e-05,
      0.0005370669020616219,
      0.00011662957800452717
    ],
    "mse": 1.3067844035749977e-07,
    "mae": 0.00022840366145382288
  }
}