{
  "mesh": "branch.obj",
  "uniform_mse_mean": 7.909233294558684e-07,
  "adaptive_mse_mean": 4.466567872957685e-06,
  "uniform_mse_list": [
    8.149410608339839e-07,
    7.442276227607495e-07,
    8.745402889681129e-07,
    8.144000781062445e-07,
    7.921011723029561e-07,
    7.87385390110788e-07,
    7.328614312914827e-07,
    7.669295912726298e-07
  ],
  "adaptive_mse_list": [
    4.792173643787359e-06,
    4.3916103263621515e-06,
    4.9872745741934115e-06,
    4.7654742656133015e-06,
    4.246046599715864e-06,
    4.090117555503823e-06,
    4.141517035967771e-06,
    4.318328982517803e-06
  ]
}