{
  "mesh": "cylinder.obj",
  "uniform_mse_mean": 2.0935717150502656e-06,
  "adaptive_mse_mean": 1.346572937728649e-05,
  "uniform_mse_list": [
    2.3888014515294318e-06,
    1.9048705221999387e-06,
    2.1258964905821454e-06,
    1.954718395889547e-06
  ],
  "adaptive_mse_list": [
    1.5317705582717767e-05,
    1.2381483508267604e-05,
    1.3700593077394493e-05,
    1.2463135340766093e-05
  ],
  "bins_low": 256,
  "bins_med": 1024,
  "bins_high": 4096
}