{
  "mesh": "explosive.obj",
  "uniform_mse_mean": 1.658975664338986e-07,
  "adaptive_mse_mean": 9.520062839055304e-07,
  "uniform_mse_list": [
    1.6994570657224206e-07,
    1.7018057041331916e-07,
    1.5425214948429345e-07,
    1.6921183926573974e-07
  ],
  "adaptive_mse_list": [
    1.0264041576824282e-06,
    1.0143220324448878e-06,
    8.502624257809493e-07,
    9.170365197138564e-07
  ],
  "bins_low": 256,
  "bins_med": 1024,
  "bins_high": 4096
}