{
  "mesh": "fence.obj",
  "uniform_mse_mean": 2.672507706879978e-07,
  "adaptive_mse_mean": 1.4659286238102736e-06,
  "uniform_mse_list": [
    2.468753934827898e-07,
    2.5607980729888705e-07,
    2.6313272044868026e-07,
    3.029151615216341e-07
  ],
  "adaptive_mse_list": [
    1.1630834135971038e-06,
    1.4690785819433067e-06,
    1.5553363062839379e-06,
    1.6762161934167463e-06
  ],
  "bins_low": 256,
  "bins_med": 1024,
  "bins_high": 4096
}