{
  "mesh": "girl.obj",
  "uniform_mse_mean": 2.152469161560414e-07,
  "adaptive_mse_mean": 1.2204720445582953e-06,
  "uniform_mse_list": [
    2.10672362565847e-07,
    2.2301923677029838e-07,
    2.1470074099357647e-07,
    2.1259532429444376e-07
  ],
  "adaptive_mse_list": [
    1.1938508663051565e-06,
    1.2482261308721408e-06,
    1.2151972112984256e-06,
    1.2246139697574584e-06
  ],
  "bins_low": 256,
  "bins_med": 1024,
  "bins_high": 4096
}