{
  "mesh": "person.obj",
  "uniform_mse_mean": 7.077425619042458e-07,
  "adaptive_mse_mean": 4.079130852961206e-06,
  "uniform_mse_list": [
    7.292975257198169e-07,
    7.443743226284829e-07,
    5.850386154988897e-07,
    7.722597837697937e-07
  ],
  "adaptive_mse_list": [
    4.206807021354901e-06,
    4.173624677665567e-06,
    3.2452810789099343e-06,
    4.690810633914424e-06
  ],
  "bins_low": 256,
  "bins_med": 1024,
  "bins_high": 4096
}