{
  "mesh": "table.obj",
  "uniform_mse_mean": 2.937695889227111e-07,
  "adaptive_mse_mean": 1.659926267559476e-06,
  "uniform_mse_list": [
    3.4742889380953955e-07,
    2.3108758993743304e-07,
    2.933202887244733e-07,
    3.032415832193985e-07
  ],
  "adaptive_mse_list": [
    1.950499062065425e-06,
    1.3312048200871709e-06,
    1.7094725009232287e-06,
    1.6485286871620797e-06
  ],
  "bins_low": 256,
  "bins_med": 1024,
  "bins_high": 4096
}