{
  "mesh": "talwar.obj",
  "uniform_mse_mean": 1.100569242035309e-07,
  "adaptive_mse_mean": 6.300633022963711e-07,
  "uniform_mse_list": [
    1.1062750117385474e-07,
    1.101086341177312e-07,
    1.0763081348834637e-07,
    1.1186074803419129e-07
  ],
  "adaptive_mse_list": [
    6.150999038346396e-07,
    6.20631060501557e-07,
    6.314267543130487e-07,
    6.530954905362389e-07
  ],
  "bins_low": 256,
  "bins_med": 1024,
  "bins_high": 4096
}