{
  "mse_per_axis": [
    0.484496883179204,
    0.507175769663304,
    0.4650181990861153
  ],
  "mae_per_axis": [
    0.6745502765173629,
    0.6745144966968972,
    0.674544551746088
  ],
  "mse": 0.48556361730954106,
  "mae": 0.6745364416534493
}