{
  "mse_per_axis": [
    1.3872481530843534e-09,
    3.7258767946683064e-07,
    1.8060393452584365e-08
  ],
  "mae_per_axis": [
    3.1514504295319584e-05,
    0.0005370669020616219,
    0.00011662957800452717
  ],
  "mse": 1.3067844035749977e-07,
  "mae": 0.00022840366145382288
}